MSE,R2_Score
0.9332401616924997,0.05788591265510823
